26.JPG, toy
62.JPG, notoy 
51.JPG, notoy 
34.JPG, toy
26.JPG, notoy 
20.JPG, toy 
121.JPG, notoy 
121.JPG, toy 
100.JPG, toy 
34.JPG, notoy 
20.JPG, notoy
120.JPG, toy 
75.JPG, toy
100.JPG, notoy 
83.JPG, toy 
120.JPG, notoy 
50.JPG, toy 
53.JPG, toy
53.JPG, notoy 
81.JPG, toy 
75.JPG, notoy 
83.JPG, notoy 
104.JPG, toy 
11.JPG, toy 
17.JPG, toy 
50.JPG, notoy 
92.JPG, toy 
125.JPG, toy 
81.JPG, notoy
104.JPG, notoy
24.JPG, toy 
114.JPG, toy
11.JPG, notoy
58.JPG, toy
17.JPG, notoy
10.JPG, toy 
47.JPG, toy 
110.JPG, toy
92.JPG, notoy 
125.JPG, notoy 
87.JPG, toy
24.JPG, notoy 
106.JPG, toy 
126.JPG, toy 
65.JPG, toy 
22.JPG, toy 
6.JPG, toy
14.JPG, notoy 
59.JPG, toy 
69.JPG, toy
114.JPG, notoy 
58.JPG, notoy 
10.JPG, notoy 
38.JPG, toy
47.JPG, notoy 
78.JPG, toy
110.JPG, notoy 
86.JPG, toy
87.JPG, notoy 
106.JPG, notoy 
14.JPG, toy 
1.JPG, toy 
71.JPG, toy
126.JPG, notoy 
65.JPG, notoy 
40.JPG, toy
22.JPG, notoy 
112.JPG, toy
6.JPG, notoy 
59.JPG, notoy 
4.JPG, toy
69.JPG, notoy 
93.JPG, toy
38.JPG, notoy 
78.JPG, notoy 
86.JPG, notoy 
0.JPG, toy 
28.JPG, toy
1.JPG, notoy 
71.JPG, notoy 
40.JPG, notoy 
41.JPG, toy
112.JPG, notoy 
115.JPG, toy
4.JPG, notoy 
124.JPG, toy
93.JPG, notoy 
0.JPG, notoy 
127.JPG, toy
28.JPG, notoy 
96.JPG, toy
41.JPG, notoy 
115.JPG, notoy 
16.JPG, toy
124.JPG, notoy 
127.JPG, notoy 
103.JPG, toy 
46.JPG, toy
96.JPG, notoy 
116.JPG, toy
16.JPG, notoy 
103.JPG, notoy 
46.JPG, notoy 
27.JPG, toy 
82.JPG, toy 
29.JPG, toy
116.JPG, notoy 
27.JPG, notoy 
63.JPG, toy
82.JPG, notoy 
36.JPG, toy 
77.JPG, toy
29.JPG, notoy 
63.JPG, notoy 
44.JPG, toy 
62.JPG, toy
36.JPG, notoy 
77.JPG, notoy 
44.JPG, notoy 
51.JPG, toy 
117.JPG, toy
117.JPG, notoy 
